timestamp,symbol,open,high,low,close,volume
2024-01-02T09:30:00+00:00,AAPL,100,101,99,100,1000
2024-01-02T09:30:00+00:00,SPY,400,401,399,400,5000
2024-01-02T09:30:00+00:00,XLK,200,201,199,200,3000
2024-01-02T09:31:00+00:00,AAPL,100,102,100,101,1100
2024-01-02T09:31:00+00:00,SPY,400,402,400,401,5100
2024-01-02T09:31:00+00:00,XLK,200,202,200,201,3050
2024-01-02T09:32:00+00:00,AAPL,101,103,101,102,1200
2024-01-02T09:32:00+00:00,SPY,401,403,401,402,5200
2024-01-02T09:32:00+00:00,XLK,201,203,201,202,3100
2024-01-02T09:33:00+00:00,AAPL,102,104,102,103,1300
2024-01-02T09:33:00+00:00,SPY,402,404,402,403,5300
2024-01-02T09:33:00+00:00,XLK,202,204,202,203,3150
2024-01-02T09:34:00+00:00,AAPL,103,105,103,104,1400
2024-01-02T09:34:00+00:00,SPY,403,405,403,404,5400
2024-01-02T09:34:00+00:00,XLK,203,205,203,204,3200
2024-01-02T09:35:00+00:00,AAPL,104,106,104,105,1500
2024-01-02T09:35:00+00:00,SPY,404,406,404,405,5500
2024-01-02T09:35:00+00:00,XLK,204,206,204,205,3250
2024-01-02T09:36:00+00:00,AAPL,105,107,105,106,1600
2024-01-02T09:36:00+00:00,SPY,405,407,405,406,5600
2024-01-02T09:36:00+00:00,XLK,205,207,205,206,3300
2024-01-02T09:37:00+00:00,AAPL,106,108,106,107,1700
2024-01-02T09:37:00+00:00,SPY,406,408,406,407,5700
2024-01-02T09:37:00+00:00,XLK,206,208,206,207,3350
2024-01-02T09:38:00+00:00,AAPL,107,109,107,108,1800
2024-01-02T09:38:00+00:00,SPY,407,409,407,408,5800
2024-01-02T09:38:00+00:00,XLK,207,209,207,208,3400
2024-01-02T09:39:00+00:00,AAPL,108,110,108,109,1900
2024-01-02T09:39:00+00:00,SPY,408,410,408,409,5900
2024-01-02T09:39:00+00:00,XLK,208,210,208,209,3450
2024-01-02T09:40:00+00:00,AAPL,109,111,109,110,2000
2024-01-02T09:40:00+00:00,SPY,409,411,409,410,6000
2024-01-02T09:40:00+00:00,XLK,209,211,209,210,3500
2024-01-02T09:41:00+00:00,AAPL,110,112,110,111,2100
2024-01-02T09:41:00+00:00,SPY,410,412,410,411,6100
2024-01-02T09:41:00+00:00,XLK,210,212,210,211,3550
2024-01-02T09:42:00+00:00,AAPL,111,113,111,112,2200
2024-01-02T09:42:00+00:00,SPY,411,413,411,412,6200
2024-01-02T09:42:00+00:00,XLK,211,213,211,212,3600
2024-01-02T09:43:00+00:00,AAPL,112,114,112,113,2300
2024-01-02T09:43:00+00:00,SPY,412,414,412,413,6300
2024-01-02T09:43:00+00:00,XLK,212,214,212,213,3650
2024-01-02T09:44:00+00:00,AAPL,113,115,113,114,2400
2024-01-02T09:44:00+00:00,SPY,413,415,413,414,6400
2024-01-02T09:44:00+00:00,XLK,213,215,213,214,3700
2024-01-02T09:45:00+00:00,AAPL,114,116,114,115,2500
2024-01-02T09:45:00+00:00,SPY,414,416,414,415,6500
2024-01-02T09:45:00+00:00,XLK,214,216,214,215,3750
